start_date,end_date,response_type,progress,duration,finished,date_recorded,response_id,work_area,work_area_other_explanation,work_area_merged,linked_data_description,description_quality,description_opinion,linked_data_benefits,benefits_quality,benefits_score,additional_thoughts
7/18/2017 8:07,7/18/2017 8:33,IP Address,100,1590,TRUE,7/18/2017 8:33,R_3IaGjwwatu5jboQ,Technical Services and Metadata,,Technical Services and Metadata,"I once had to explain it to my mother.  I said: ""It's like the paranoid fantasy that your IRS tax return is linked to and interacts with your health insurance records and your Amazon account.  We want to do that for library data, more or less seamlessly.  Only not evil.""",3,0,,,,"I am providing examples from my area of expertise in cataloging where I am convinced that the potential benefits of linked data for users are very exciting.  I want to say, though, that I take it seriously when people say that we can't foresee how users will use linked data features.  For me, that's a good thing.  I disagree with people who want to implement only uses they can understand and control.  I am a heavy library user, I discover things in circuitous and serendipitous ways, and I don't want librarians shutting off discovery paths."
7/18/2017 15:04,7/18/2017 15:15,IP Address,100,644,TRUE,7/18/2017 15:15,R_3rN90Ldho7Nwxu1,Technical Services and Metadata,,Technical Services and Metadata,"Linked data is an infeasible, largely imaginary cure-all devised by starry-eyed technologists with moral support from eager-to-seem-cool-and-prove-their-relevance-in-the-digital-age library folks for the expressed purpose of helping imaginary users find and use library collections said users can already find and use via other channels and about which they care little or not at all.",1,-1,"You already know this, but go to https://wiki.duraspace.org/display/LD4P/Project+Pages for a list. How any of these will help users do anything novel or useful remains to be seen.",1,0,"Yes, but you‰Ûªd have to pay me a huge consulting fee, which I imagine has not been budgeted for in the grant."
7/19/2017 14:10,7/19/2017 14:25,IP Address,100,913,TRUE,7/19/2017 14:25,R_3RwFMkqFX9JmfW1,Technical Services and Metadata,,Technical Services and Metadata,"Linked data records relationships between resources, such as books and online journals, and the different kinds of information you can use to find them. It records these relationships in ways that computers can use more easily and accurately. That way, you can narrow down or expand your research more effectively.",3,0,"1) If a research topic has location-specific aspects, you can link to maps of that location.2) You could expand your research about one creator (e.g., author) to include people that author interacted with.3) You could see your search results on a timeline, then look for other events that happened then that might have affected your topic.",2,1,nope
7/21/2017 9:22,7/21/2017 9:45,IP Address,100,1402,TRUE,7/21/2017 9:45,R_2UhZKI64KvRAZO4,Technical Services and Metadata,,Technical Services and Metadata,"Linked data gives us better control of information included in web resources. It uses vocabularies that already exist on the internet, and encodes them directly into the resource so that search engines can better find and return relevant resources. It should be invisible to the end-user, but help processes behind the scenes.",2,0,"*15cBOOKTRADE is using linked data to create maps to show the distribution of early printed resources. Library users will be able to trace libraries of individual collectors, or trace the paths individual books from their printing to the present.*The Linked Jazz project uses name authority records in VIAF to link names mentioned in documents. This allows for deeper searching of documents by linking specific pieces of text within a document, rather than a whole document. This will help users conduct detailed research on jazz musicians.*In special collections and rare book librarianship, item-level metadata is very important. This information allows users to identify copy-specific information, such as localized bindings, trace former owners, find text corrections, and so forth. However, current tools do not support this work well. Item-level data tends to reside in local catalogs. As a result, users who start their research in WorldCat risk missing this valuable information completely. Although this project is in its early stages, the rare book community is hoping to leverage linked data to provide item-specific metadata in a more searchable way. This would make special collections more discoverable, and enable users to search for specific provenance information (e.g., reconstructing a library that's been dispersed). ",3,1,"I am excited about the possibilities of linked data, but I do worry about the time involvement. Linked data records can take much longer to load, which creates a delay in making materials available. I would like to see this become more smooth in the future."
8/1/2017 12:23,8/1/2017 12:26,IP Address,100,205,TRUE,8/1/2017 12:26,R_28UTsJaFUFEyEGL,Information Technology,,Information Technology,This is where certain keywords in your search results are linked to other relevant data.,1,0,"Discover other resources related to the subject of a catalog search that was made.Provide other items in the catalog that might be relevant.",1,1,
8/1/2017 12:03,8/1/2017 12:27,IP Address,100,1383,TRUE,8/1/2017 12:27,R_1hYAqUBco1movzr,Other (please describe),,Other,"Linked data is reference link to a standard list of names, subjects, relater terms, etc which brings most (all)? forms of a name together as a matching term.  See Mark Twain OCLC ARN #254964 as an example.Use Cooking as an example for a subject OCLC ARN # 8535691 ",1,0,"Consistency among heading lists world wide VIAFDOI - for article location",1,1,
8/1/2017 12:03,8/1/2017 12:58,IP Address,100,3326,TRUE,8/1/2017 12:58,R_10IX276oAEOZJgE,Information Technology,,Information Technology,"The concept of linked data relates to a series of best practices for labeling and sharing information on the Internet. One of the key practices involved is giving everything a unique identifier so that any other person or, more importantly, any computer looking at your data or information can understand exactly what they are looking at without having to ask you or understand context clues (something computers are really bad at). ",3,0,"I think one way libraries can utilize linked data is to provide more information through the catalog by pulling in information from other places, especially about authors and topics. Library users would be able to click on a button near the author's name or a subject heading to bring up more information. This would allow a user to learn more about the author or subject before selecting an item to check out. It could show awards an author has won, photos of a place described in the book, or brief descriptions of the topics the book covers. ",2,1,
8/1/2017 14:11,8/1/2017 14:15,IP Address,100,265,TRUE,8/1/2017 14:15,R_3huxdf73wGbt7Pb,Information Technology,,Information Technology,Linked data connects digital objects together across an invisible descriptive layer on the web.,2,0,"I have used semantic markup in our website to help create connections between our organization and others through knowledge graph indexing. We are contemplating doing the same with staff pages and the IR. Linked data can provide authority control for metadata, and enrich information objects by providing them with additional depth or connections to tangentially related objects.",3,1,Semantic technology is the largest potential growth area for libraries.
8/1/2017 15:08,8/1/2017 15:16,IP Address,100,504,TRUE,8/1/2017 15:16,R_1Heh89YzG5Or88r,Technical Services and Metadata,,Technical Services and Metadata,Linked data is a way for machines to read and act on the metadata that enables users to discover resources and connections to related resources on the Internet.,2,0,"There is a Civil War letters website that is based on linked data. Users can select an author and see the connections to other authors and famous people. There are also links to all the battles that author participated in and clicking on a battle gives a list of all the authors present.18th Century Connect is an aggregator of digital scholarship in the humanities related to the 18th century. All contributors contribute their data in the form of linked data. Users can make all sorts of discovery and conclusions by having all kinds of different research connected in ways traditional databases can't do.",2,1,"Linked data breaks down silos of information. Instead of having to go multiple places to research on a topic, users can start their search anywhere and follow the links to topics of interest. The connections are between resources that otherwise would not be connected and require separate searches."
8/1/2017 15:19,8/1/2017 15:32,IP Address,100,765,TRUE,8/1/2017 15:32,R_1QhkPTQjMMu4rc6,"Public Services (e.g., liaison, reference, access services)",,"Public Services (e.g., liaison, reference, access services)","linked data (information that both computers and humans can understand, which includes relationships between things that computers cannot understand like humans can because words can mean different things depending on context). The web started out as linked documents (1.0), is now the social web (2.0) and is heading to the Semantic Web (3.0).",1,0,"Another way is to create dynamic knowledge graphs that can be created to provide additional information about subjects as part of a discovery interface.  Also, now there are agents right on your smart phone to find and schedule stuff for you by just asking a question (Siri, Cortana), so you would probably be able to actually check stuff out and load it to your device.",1,1,"Another benefit is that if things are linked, they can be updated more autonomously"
8/1/2017 16:25,8/1/2017 16:30,IP Address,100,308,TRUE,8/1/2017 16:30,R_3PG3TJ9HRE4vAK7,Technical Services and Metadata,,Technical Services and Metadata,An additional pathway to library resources.,0,0,1. Creating an improved user experience like the National Library of Spain. http://www.bne.es/en/Inicio/Perfiles/Bibliotecarios/DatosEnlazados/ 2. Having a set of data that can be used by a wider range of talent to develop new sites/apps/ways of sharing our collections and services. Empowering our users to create things like https://linkedjazz.org/  ,2,1,Not at this time.
8/2/2017 11:32,8/2/2017 11:39,IP Address,100,427,TRUE,8/2/2017 11:39,R_3hzsSggXmdHKz96,Technical Services and Metadata,,Technical Services and Metadata,It is a means by which humans can make relationships between different entities understandable to computers. It is a network of interconnected things where you can move from one thing to another along those connected relationships.,2,0,"1. The ability to find similar information from one source. In other words, if I find something that is of interest I could then find other information that is somehow related to what I found.2. The ability to find connections between things that were not otherwise obvious. Perhaps there are connections between different concepts, ideas, subject, etc. that we cannot see unless we can see the larger interconnected network of information.",1,1,
8/3/2017 11:34,8/3/2017 11:43,IP Address,100,562,TRUE,8/3/2017 11:43,R_2s7k8YZAek8j8c4,Other (please describe),Research Data and Repositories,Digital Initiatives and Collections,"Essentially it is like a web link, except now the link has more meaning and it is more specific. For instance a link form a web page to a person's LinkedIn profile would just give the URL (location) of the profile. A linked data link would have that that person is the Author of of the profile, and also a unique identifer for that person that could be used to potentially link to all of the persons profiles that use that identifier.",4,0,"Disambiguation between people, concepts (i.e. MeSH terms), organizational entities and objects such as publication since they are in principle unique identified.Improved search by linking variations of content to a single identifier. Such as being able to search A. E. Newman and also searching for Alfred E. Newman.",2,1,"Unique identifying things is not always easy. For instance, if an object as two DOIs there is no easy way to know if they are the same, if they are versions of each other. "
8/4/2017 22:00,8/4/2017 22:23,IP Address,100,1396,TRUE,8/4/2017 22:23,R_PSAoEAlDEA1bhq9,Technical Services and Metadata,,Technical Services and Metadata,"A way of tying together talking about the same thing in different contexts. A way to express the relationships between things, ideas, and people that allows one to make multiple jumps between statements to uncover new connections.",1,0,"I don't actually like the idea of tying in with Wikipedia very much, although that could be because it's been badly-implemented so far in ways based on keyword searching. Implementations of Schema are at least a little better for improving discovery of unique materials in search engines. Archival institutions seem to have more success in this area, probably because their materials surface better in search results. Connecting government linked open data to our holdings would also be a useful activity. Or simply helping library patrons learn to connect between external sources of information.",2,1,"A fair number of local practices for description and discovery already conform to concepts which are at least excellent setup for linked data. However, we don't have good tooling for taking it a step further."
8/8/2017 9:49,8/8/2017 9:54,IP Address,100,266,TRUE,8/8/2017 9:54,R_2wAD4kVFzre74r4,Technical Services and Metadata,,Technical Services and Metadata,"Linked data is information about any type of resource, encoded in such a way to make it discoverable on the Internet. Linked data can also interact with other linked data on the Web to build connections or relationships between resources.",2,0,"1) Search for a library-type resource on the Web and find holdings in a specific (local) library; 2) Search a name, place, topic, etc. and find a digital collection of graphic images",1,1,"I know only a little about linked data, but am learning more!"
8/8/2017 10:18,8/8/2017 10:19,IP Address,100,96,TRUE,8/8/2017 10:19,R_22Kcig38hm3SBoB,Technical Services and Metadata,,Technical Services and Metadata,A way in which information is shared. Not a specific technology. ,0,0,See the authority file in a user-friendly way.,1,1,
8/8/2017 10:33,8/8/2017 10:38,IP Address,100,248,TRUE,8/8/2017 10:38,R_1r1Gmn7yuNTS9ma,Technical Services and Metadata,,Technical Services and Metadata,"Bits and pieces of data, separated from one another (like FAST headings) and then dumped into the cloud",1,0,"Nothing more than they can already do now.  This is a clear case of the emperor having no clothing, and/or a giant bill of goods being sold to unsuspecting and tech ignorant library personnel.",0,-1,"I wish that BIBFRAME, linked data and RDA would all fall into a sinkhole and disappear forever."
8/8/2017 10:51,8/8/2017 11:09,IP Address,100,1064,TRUE,8/8/2017 11:09,R_3Lc2eHT8MJTS5hT,Technical Services and Metadata,,Technical Services and Metadata,"Linked data allows library metadata ('the catalog') to be used and re-used in new and exciting ways. It will allow what is currently a traditional database to more resemble a web-native application like wikipedia. It will allow better browsing through (what is now) the library's catalog, and better discovery of our collections. ",1,1,"I don't know. I honestly don't yet have a good idea of practical applications. However: 1) I think there's scope for defining and playing with metadata from defined (or user-defined) collections of material. Ie., Import the bibliography from my thesis, use tool to analyze publishers/place of publication/common subjects. For instance, it should allow (eventually) the generation of a map with the locations of printing locations pulled from the 264-3. This would not exclusively use linked data, but it would use tools that linked data will hopefully allow the development of. 2) It should allow people browsing the catalog to more easily navigate what we now call subject headings. For instance, a book about French history. Currently, if you want to move from that to a book about the history of Paris, you have to do a new search. Theoretically, with linked data, and improved relationships between subject authority metadata, you should be able to define 'no, I want something more specific than French history.' and drill down one administrative unit. ",1,0,"I think that there's a great deal of uncertainty right now about the prospects of linked data: what we're doing this for, and what it will eventually mean. In part, that's because nobody really knows. But in part, it's also because those who do have visions of its utility aren't evangelizing loudly enough (or they don't have the tools to do so). The various mock-ups so far are interesting, but they're almost all stand-alone examples-- it's hard to walk away thinking: 'I've seen the future, and it is LINKED DATA'. "
8/8/2017 11:08,8/8/2017 11:13,IP Address,100,277,TRUE,8/8/2017 11:13,R_2wzzmuRKCzj7pGz,Technical Services and Metadata,,Technical Services and Metadata,Linked data is the misguided way that the Internet uses to mash up information which may or may not have any real correlation or value.,0,-1,"None.Nothing.",0,-1,Not you want to hear.
8/8/2017 11:10,8/8/2017 11:14,IP Address,100,237,TRUE,8/8/2017 11:14,R_RCbWYRa6QGjajPb,Information Technology,,Information Technology,"An arcane behind-the-scenes bit of technology that helps regular people find more accurate factual information more quickly.[Frankly, I would never explain it. Library users should never need to know about 'linked data', any more than they should understand the difference between RDA and AACR2.]",1,-1,"1) Not quite linked data, but related; the same vocabularies that would enable linked data might also be used to make library holdings available to commercial search indexes, enabling patrons ""in the wild"" to find things in the library that they otherwise would turn to Amazon, Netflix, or somewhere else to access.",1,1,"Linked Data is plumbing that so far doesn't connect any two known fixtures. But it sure sounds good.Like most plumbing, it's critical infrastructure, but should exist in service of actual tools and user interactions. Those should be driving the linked data effort, not the gee-whiz technology itself."
8/8/2017 10:50,8/8/2017 11:33,IP Address,100,2605,TRUE,8/8/2017 11:33,R_vJKEU6KqNjUfzk5,Technical Services and Metadata,,Technical Services and Metadata,"Linked data is essentially a technology for sharing information. The internet linked computers; the World Wide Web links documents; linked data (sometimes called the web of data) enables data to be linked using the infrastructure of the world wide web. This web of data can be processed by machines without direct human intervention, generating efficiencies and new services.",1,1,"The capability to cluster metadata around an opaque URI provides the prospect of providing information appropriate to the context and perhaps even to the needs of an individual user.  This has been illustrated in RIMMF, which pulls metadata from RDA Registry and presents it in a choice of languages (limited by RDA translations).  It is possible to envisage a display in which element labels, definitions and metadata itself can be rendered in the language and script of the user.  ",2,0,"I think Q3 is the wrong question. Users shouldn't need to know, any more than they should need to know about ISO 2709.  Linked data is a technology that libraries can seek to exploit in various ways.    Linked data is not a magic bullet, it needs OPEN good quality, consistent metadata. By embracing this libraries can contribute to the development of an information commons which will contribute to the public good."
8/8/2017 11:31,8/8/2017 11:35,IP Address,100,257,TRUE,8/8/2017 11:35,R_2PpWP8hs32AOsux,Administration,,Administration,Linked data allows us to connect information to related pieces of information automatically. It allows us to re-use pieces of information to enrich our knowledge of any one piece.,1,0,Allow users to gather like pieces of information - for examples all the books written by authors who live in New York and were born in Atlanta.,1,1,
8/8/2017 11:22,8/8/2017 11:37,IP Address,100,852,TRUE,8/8/2017 11:37,R_em1MCqjJjH5TLgZ,Administration,,Administration,"Linked data articulates relationships among pieces of information in a way that is can be understood by machines. Linked data is expressed in ""triples"" statements that explain the relationship of a subject, predicate (verb), and object. A person (subject) may have written (predicate) a certain book (object). Linked data is most useful when it is open and available as part of the Linked Open Data cloud.",3,0,Linked data applications will largely be invisible to library users. Users will (eventually and hopefully) reap the benefits of linked data through more accurate search results and discovery of related items of interest that may have previously been unavailable to them. ,1,0,"Too many libraries are charging off on linked data projects with the expectation that it will increase discoverability of library collections. However, the greatest discovery mechanisms we know are Internet search engines, and most libraries are failing to first optimize their websites and repositories for search engines. Failure to address SEO means that their linked data efforts will not achieve greater discoverability."
8/8/2017 11:17,8/8/2017 11:42,IP Address,100,1475,TRUE,8/8/2017 11:42,R_26mVjbbRNhXFRDy,Technical Services and Metadata,,Technical Services and Metadata,"Linked data transforms text into data. Information put on the web can be coded and assigned unique identifiers. These identifiers, URIs, are online and provide computers an explanation of what a word means by structuring that information in metadata schema. This takes away the ambiguity of words with more than one meaning, makes information findable in a other languages and makes some text actionable.",4,0,1. Users can use an internet search engine to find a book and be told which nearby library has it available. 2. Researchers will be able to discover resources in other languages that they don't know.,0,1,"Someone told me about a library that added $0 subfields with URIs in several fields of bib records and that they were erased in OCLC. I may have that wrong, but in general I think that little experiments are not given support. Library directors don't know what linked data is and library tech services leaders don't see the point in putting in time and money when there isn't a protocol in place. No one knows where to start."
8/8/2017 11:27,8/8/2017 11:47,IP Address,100,1183,TRUE,8/8/2017 11:47,R_2rIWewazQj9FsWN,Technical Services and Metadata,,Technical Services and Metadata,"on the back end of a system linked data replaces a fixed string of information in a record, such as the name of an author, with a link pointing to a resource containing a great deal of information about that string.  That way the information in the record remains current and all that supplemental data may be utilized by the system for additional functionality.",3,0,Conduct advanced searches utilizing additional information made available via URIs.  Potential improvements to maintaining authority information,2,0,I have always harbored doubts about the promise of enhanced discoverability provided by linked data due to the relevancy ranking in search engines.  Unique items may fare well in that environment but I don't see searches for popular titles at a library necessarily coming to the top of search results in many cases.  I think the data analysis and record management side of linked data has far more promise.
8/8/2017 11:31,8/8/2017 11:48,IP Address,100,1020,TRUE,8/8/2017 11:48,R_2sR4WHBInSVxFl5,Other (please describe),Cooperative collection development and management (shared print),Other,"Linked data is a new method for connecting information about books (the author, title, ISBN) on the web. Libraries create information about books, but publishers and other providers do too. Everyone creates the data slightly differently. In order for you to see all of the information about a book, where you can get it, what formats it is available in, a freer form of connecting the different data is needed, like linked data, so you can find your books more easily.",2,0,"Users will be able to find digital and print books in HathiTrust's catalog and Worldcat and request them in the format desired for direct delivery to the extent libraries can provide them lawfully. You won't have to worry about where you are getting it from anymore. It'll come from a library. In addition to HathiTrust as a potential example where linked data could be employed to unite digital and print books, libraries could work with OCLC on a next generation WorldCat that provides a combined experience, fulfillment and brand combining the best of Amazon, JSTOR, Portico, Netflix, GoodReads, and USPS. (In the next five years, our professional cataloging groups need to evolve to generate trusted bibliographic information sources in linked form, and local library acquisitions and other downstream collection management services will only need to manage items, item retention, rights and license information, not bibliographic information) ",0,1,"The next stage in managing the collective collection may be to engage linked data with our trusted library collaboration services to redesign fulfillment, discovery, browsing and search."
8/8/2017 12:10,8/8/2017 12:20,IP Address,100,626,TRUE,8/8/2017 12:20,R_3fwOsaubueqzEGm,Administration,,Administration,"metadata about connections between nods can lead or utilized to gain new insights about the way we think, organize, and conduct research. ",1,0,Users may benefit from a direct usage of linked data clusters in searching or analyzing text or images or from the invisible algorithmical work done by computers to expose and publish information in non-linear venues. Revision of library workflows around user's context can improve ROI on library expert work. Growing interest in simulation and emulation experiences and services require such networks to evolve. ,1,1,Good luck my friends - will be interested to learn what you discover! Boaz
8/8/2017 12:13,8/8/2017 12:23,IP Address,100,595,TRUE,8/8/2017 12:23,R_1mCNamZXtmzGz3W,Technical Services and Metadata,,Technical Services and Metadata,"""Linked data"" describes a structured method of inputting library metadata which can then, through links to other data on the internet, enhance that metadata by connecting it to deeper and wider contexts.",1,0,"Linking our library metadata to Wikipedia, DBPedia, and other large open source encyclopedia-like resources, can enhance our data with information we haven't ourselves had the time or expertise to include.  For instance, if a user would like to isolate a selection of our records concerning women composers, or African-American writers, a query can be run against Wikipedia's respective categories which will then pull relevant records from our library database.  Educating the public about this would be much easier than expecting overburdened catalogers to include EVERYTHING in their catalog records.",2,1,Linked data will eventually provide us with brilliant results; the only barrier is education.
8/8/2017 12:32,8/8/2017 12:34,IP Address,100,122,TRUE,8/8/2017 12:34,R_1MXvzZQHnCaFu1s,Other (please describe),Cataloging,Other,"I do not know what ""linked data"" means.",0,0,"I do not think Wikipedia is a reliable source of information, so I would not connect patrons to that resource.",0,-1,
8/8/2017 12:49,8/8/2017 12:56,IP Address,100,419,TRUE,8/8/2017 12:56,R_2YLITwqaHEJSjZQ,Technical Services and Metadata,,Technical Services and Metadata,the ability for machine to machine communication to provide relative matches to what you're searching based on data that is assigned by humans or machines or other ways we can't imagine yet,0,0,"http://experimental.worldcat.org/fast/fastconverter/FAST subject headings in bibliographic records. Converter tool converts traditional LC subject headings into subjects in a linked data model",1,1,"I think linked data will help discoverability of information resources in libraries, so library resources can compete against for profit or biased resources that are steering citizens astray from making good decisions in all aspects of life"
8/8/2017 10:28,8/8/2017 13:45,IP Address,100,11800,TRUE,8/8/2017 13:45,R_2zSezVPiBf6Pp1y,Information Technology,,Information Technology,A way to discover relationships among entities that is supposed to make research easier.,0,0,"As a UX expert, I often ask people this very question and they are usually someone stumped. I think it could be useful for data analysis and machine learning, but I'm skeptical of linked data providing real-time UI enhancements that are meaningful to end users.",1,-1,"Performance and scalability issues are real. Too much time/money, too little payoff."
8/8/2017 13:48,8/8/2017 14:00,IP Address,100,772,TRUE,8/8/2017 14:01,R_3h3dUbXkhTQVpgY,Technical Services and Metadata,,Technical Services and Metadata,Linked data is systematically structured data on the web which can be searched (using SPARQL for example) and viewed in a specialized interface.  Interfaces can draw linked data from a variety of predetermined sources and process or display the data as per the programming of the interface used.,2,0,"OCLC Identities, Classify, VIAF, Europeanna",0,1,"I think that linked data holds tremendous potential for increasing the usefulness and power of information on the web and also is one of the things that will not only help to make libraries seem relevant again but will also make libraries a critical factor in the larger information environment.  For example, authority data which is created by librarians can be essentially in sorting through all of the mess and false drops that come through web searches.  The sad issue is that I find most librarians out side of TS and Metadata really don't care about linked data and thing that I am talking crazy nonsense when I try to explain it to them."
8/8/2017 13:01,8/8/2017 14:32,IP Address,100,5487,TRUE,8/8/2017 14:32,R_2YucXXHAIsKeato,Information Technology,,Information Technology,"Any thing that you would ever want to describe can be boiled down to descriptions, or nodes.  Each node may link to additional more refined nodes (that may share relationships with other nodes themselves) until an endpoint. All endpoints can be traced back to the thing you wanted to describe.Linked data should be of little concern to the library user; instead it should be thought more of as part of a tool used by applications to find relationships between things or concepts.",2,0,"As the use of linked data grown much work will have to be done to clean up bad data, and incorrect / malformed links. I feel like much less static data will need to be loaded into ILS systems, which should fundamentally change the way that these systems function.",1,1,
8/8/2017 15:08,8/8/2017 15:19,IP Address,100,664,TRUE,8/8/2017 15:19,R_1kYL0LiONZk5BjL,Technical Services and Metadata,,Technical Services and Metadata,"Linked data represents data about resources as relationships between data, rather than simple strings of text.  This allows the WWW to make much richer use of the descriptive data and allows the user to use electronic links to customize searches and retrieve information in many ways and from many sources.",2,1,"Any keyword search would retrieve library resources by accessing quality, structured metadata that could be easily purposed by the searcher.  It opens up a wide universe of information about people, corporate entities, topics (""concepts""), events, information artifacts and sources. ",1,1,The hardest thing for me to understand has been the de-composition of a resource's descriptive record.  A visual image the the interrelationships of bits of data has helped me see the immense value of this new approach.
8/8/2017 16:44,8/8/2017 16:49,IP Address,100,328,TRUE,8/8/2017 16:49,R_4MWXdx3l4Pz3AiJ,Administration,,Administration,"Linked data is based on early philosophies of the semantic web where there was a belief that knowledge is not housed in one location or by one person and that by linked related concepts the world of knowledge could be expanded. Today linked data is a way of making data on the web machine-readable to enable a great network of knowledge.  The local user will not see the effects of linked data unless the code is written to expose that network, and in many ways linked data can be used a pre-cursor to machine learning techniques, as well.",2,0,"Linked data is really for machines at this time, not necessarily users, yet.  The second step of writing code between the links is pretty nascent. Linked data can make data more findable in search engines by using schema.org. Linked data can also be used to tie concepts across repositories such as historic Pacific kelp collections at Oregon State University and current Pacific kelp research at UCSD.",2,0,"I think many of the issues with the implementation of linked data is that most people don't realize it is only step 1 and for the machines, but more code needs to be written to make it then useful for users."
8/8/2017 16:50,8/8/2017 16:58,IP Address,100,525,TRUE,8/8/2017 16:58,R_295oDIGccHPby0l,Other (please describe),Unemployed,Other,I would hope that any Linked Data system that would exist would be easy enough for patrons to use that I wouldn't HAVE to explain it to them.,0,-1,I know of no other examples of Linked Data. As far as I can see it's just an idea that people hope will become popular and practical that hasn't yet.,0,-1,"One very important thing for any future Linked Data system is to include the users while the system is being built. This is best done through running user tests on prototypes of a Linked Data system and if there are any problems go back and rework the system to get rid of the problems. So many times people in technology don't think about how easy it is for a non-technologically minded person to use their product. In the library, where librarians are supposed to enpower patrons, it is essential that any Linked Data system that ends up in libraries be easy to use by patrons no matter their ability with technology."
8/8/2017 10:23,8/8/2017 17:02,IP Address,100,23947,TRUE,8/8/2017 17:02,R_3gMea1SEdenvPJ8,Technical Services and Metadata,,Technical Services and Metadata,Linked data connects you to things you didn't know about by providing direct links between different places on the web. ,1,0,"We've been part of a pilot (more as onlookers than active participants) in a project that would like CONTENTdm collections. We are also working with NDLTD fields in our IR. As well as beginning (very preliminary stages) to consider the transition of our catalog to linked data.In these three areas users would be able to see what's available from anyone who has used linked data like us. WWI veterans, as a topic, might lead users to other materials at other institutions. Events that have happened one location over time could be linked through spatial metadata.",2,1,
8/8/2017 19:46,8/8/2017 20:28,IP Address,100,2491,TRUE,8/8/2017 20:28,R_3gN8yrLN6ujHKhU,Technical Services and Metadata,,Technical Services and Metadata,replacement of using authority control to gain the effect of various records mangement and relationship building. More in-depth digging out the knowledge map/intrractions between various records in various data sources. Enhanced the automatically relationships buildings by machines or AI. Improve search and hit of information retrieval ,1,0,1. scholarly records controls with author's publications and it's affinity or its funding issues or outside campus collaborating institutions and scholars.  2. Find out various formats of an manifesto ,1,1,I would like to know and involve how to create the Linked data and records with the chance of Hands-on experience 
8/8/2017 21:38,8/8/2017 21:39,IP Address,100,83,TRUE,8/8/2017 21:39,R_25BgvIUv1wkD1va,Technical Services and Metadata,,Technical Services and Metadata,I wouldn't attempt to do so. ,0,0,I don't know of any. ,0,0,No. 
8/8/2017 20:59,8/8/2017 22:05,IP Address,100,3975,TRUE,8/8/2017 22:05,R_Q9ZD73qFWmvyX5f,"Public Services (e.g., liaison, reference, access services)",,"Public Services (e.g., liaison, reference, access services)",For example lInked data might be a photograph linked to its geographic location on a map.,1,0,"1. Bibliographic records that link to table of contents or reviews2. Audio recordings linked to a historical timeline ",1,1,"The time taken now to do this right will provide benefits to users for a long, long time!"
8/8/2017 21:32,8/8/2017 22:29,IP Address,100,3438,TRUE,8/8/2017 22:29,R_3EZmVPtp2E3g3Ed,Technical Services and Metadata,,Technical Services and Metadata,"""Linked data"" describes a primitive structure believed to be capable of connecting extremely brief statements that link one entity to another. It is supposed to operate using closed vocabularies that will suffice to express any conceivable relationship in a post-WWW environment called the semantic web.  In order for this to work at all, information has to be atomized and deprived of the context that gives it practical meaning. ",1,-1,Linked data does not have library users in mind as the system's clientele. Linked data is supposed to allow internet users (semantic web users) to access information stored in library knowledge bases without having to learn how to navigate the traditional catalog. There is a belief that there will be synergistic amplification when library-accumulated knowledge interacts better with the knowledge bases of other communities. It has little to do with the discoverability of library collections except indirectly. Digitizing special collections material has received some increased priority because of a belief that processing them using linked data protocols is moving library collections in general closer to a linked data future. There is no proof of this. ,2,-1,"The knowledge imbedded in libraries' authority files about persons, corporate entities, and maybe families may have some increased usability if it can be made available on the semantic web. It will overlap with information held by other communities and perhaps be both helpful and actually used. Information about books and magazines & other library resources will find little resonance in other communities and is much less likely to be used or useful. The immense effort to transform it will be mostly wasted. "
8/9/2017 1:24,8/9/2017 1:27,IP Address,100,189,TRUE,8/9/2017 1:27,R_2uwX2oOJVfBSlWk,Information Technology,,Information Technology,"Things, not strings. (And examples too go with that.)",1,0,"Users will be able to build services out of our data, data driven services. Users are no longer tied down to the specific type of publication, instead they can focus on for example the entire work.",0,1,
8/9/2017 5:24,8/9/2017 6:04,IP Address,100,2363,TRUE,8/9/2017 6:04,R_3fCAGZvhgzHd4Fa,Technical Services and Metadata,,Technical Services and Metadata,"Linked data can be seen as wrapping identified data so that computers can traverse datasets from different sources, recognize identical dataelements and their properties and display this in a sense that brings more meaning to people",1,0,"Thought of example: Connecting data from other cultural heritage institutions, museums etc. (in a national context but also broader) so that end users can search, find, explore and get access to artefacts, knowledge, and/or documents beyond the library collections.Other thought of examples (which might already be in use somewhere): Support end user search with the ability to ""understand"" their search based on semantic differentiation.Support the need of presenting library documents to end users in different ways; based on work-relations, based on relations to other media types such as ""show me all films that have used this work of music"", based on relations and properties such as ""show me all works written by a Nobel Peace Prize winner"", based on relations and properties that support inspiration to the end user (Netflix-like) given more than ""strict"" bibliographical metadata. ",2,1,I'm very eager to see what comes out of this and the next survey. I sometimes find it a very difficult task to explain the benefits of linked data :-)
8/9/2017 6:45,8/9/2017 7:02,IP Address,100,993,TRUE,8/9/2017 7:02,R_3DbDkT0w4ixFqW1,Technical Services and Metadata,,Technical Services and Metadata,"I probably wouldn't explain linked data to a library user unless they were interested in how the back end of a library system works. My goal as a metadata archivist is to ensure that users are able to find what they are looking for with minimal intervention. If linked data provides an intuitive way for users to find what they are looking for then it should be implemented, but it doesn't necessarily need to be explained to the user. Librarians and archivists already have to spend so much time explaining why they do things as they do and we should try to find ways to minimize this explanation since I don't think users want to use a system that has to be explained to them first.",0,0,"I work with collections that are geographically distributed across multiple institutions. Linked data allows researchers the opportunity to learn where the collections are held and (hopefully) be able to access collections from distinct institutions online (maybe even side-by-side in a IIIF viewer!).Museum curators within my institution use linked data to better understand how objects came into the collections. They can see what objects were sold at particular sales throughout history and piece together who was buying what at particular sales. They need to do this by accessing collections at other institutions.",2,1,"No linked data for the sake of linked data. Linked data should be implemented if it is beneficial to users, but not purely because it is a cool new library technology. "
8/9/2017 7:49,8/9/2017 7:50,IP Address,100,68,TRUE,8/9/2017 7:50,R_3PRcuITC8E4o6dC,Technical Services and Metadata,,Technical Services and Metadata,Linked data allows us to embed information in an item description record that can reach out and link to sources outside the library.,1,0,The creation of knowledge cards in an OPAC.,0,0,
8/9/2017 8:49,8/9/2017 9:01,IP Address,100,726,TRUE,8/9/2017 9:01,R_1gztyDx7mEUx9rF,Technical Services and Metadata,,Technical Services and Metadata,Linked Data is a series of three,1,0,"I see absolutely *no* benefit to individual libraries or consortia using linked data.  In fact, I see it creating too much chaos.  The better model, in my mind would be for the major bibliographic utilities (such as OCLC), vendors (such as Ex Libris) and libraries of record (such as the Library of Congress, Harvard, Yale, etc.) to publish their metadata as BIBFRAME for ingestion by search engines and virtual assistants.  We're honestly going about this all wrong.  Think about how the cinema industry works:  show times aren't published as linked data directly to the search engines and virtual assistants; they are delivered to services like Fandango or IMDB and the search engines and virtual assistants then ingest the linked data from a centralized service.  This is how we need to operate.  Moreover, BIBFRAME should not be thought of as a replacement for MARC.  MARC is an excellent format for what it does.  Rather, BIBFRAME should live alongside MARC for the sole purpose of the major players publishing linked data.",3,-1,The library is being stupid about linked data.  We need to stop being stupid.
8/9/2017 10:20,8/9/2017 11:00,IP Address,100,2431,TRUE,8/9/2017 11:00,R_XFKUHggLOvxb71v,Technical Services and Metadata,,Technical Services and Metadata,"Linked data is web data where everything, both conceptual and tangible, has an identifer that is resolvable to more information about that thing. The identifiers for these things are organized into triples which provide some semantic meaning, e.g. ""ISBN123456789"" isA ""concept:Book"" (just made those up).",3,0,"I'd like to see linked data used to enhance discovery WITHIN library connections. Right now, webscale discovery is basically the best way to search across all of a library's materials (that are in the index). I'd like to see linked data applied to databases, eBooks, institutional repositories, data repositories, etc. So, for example, if a user searches for a particular topic in a federated or web-scale search (although these are mostly vendor-run, so who knows with them) the discovery system can return items that match their search AND related tools/types of tools such as databases, libguides, journals, etc. Maybe suggesting what *kind* of tool would be relevant based on the search.",2,0,
8/9/2017 10:03,8/9/2017 11:08,IP Address,100,3858,TRUE,8/9/2017 11:08,R_eM7fuiGkow3fJst,Technical Services and Metadata,,Technical Services and Metadata,"Linked data describes things in the world (people, books, bridges, dolphins...) in a way that computers can understand regardless of name variation or language. It applies defined concepts like title, pseudonym or location to labels that are all over the information we share. Computer systems that recognize linked data can be designed to assemble and present that information to help researchers discover and filter it.",1,0,"‰Û¢Users can search collections regardless of language or script. ‰Û¢Variations in names or transliterations can be grouped into a single term without eliminating the variants.‰Û¢Information becomes richer by being connected to more systems and descriptions. ",1,1,
8/9/2017 11:14,8/9/2017 11:21,IP Address,100,393,TRUE,8/9/2017 11:21,R_3Pw7gr07DMgHiCB,Technical Services and Metadata,,Technical Services and Metadata,Information about library resources stored in a format that is accessible to the larger web community.,1,0,"Easily see and use contextual information while searching for library resources.Use more natural language searching (while still getting the benefits of controlled vocabularies). ",1,1,
8/8/2017 10:34,8/9/2017 17:43,IP Address,100,112142,TRUE,8/9/2017 17:43,R_3iWu0cfOc16nsPT,Technical Services and Metadata,,Technical Services and Metadata,Linked data connects local and remote information sources through machine actionable relationships and common vocabularies.,1,0,"I am involved in three Library and Cultural Heritage projects using Linked Data. The first is a Colorado/Wyoming DP.LA regional service hub called [Plains2Peaks.org](https://plains2peaks.org) that uses [RDF maps](http://rml.io/) to map different metadata formats like MODS, Dublin Core, and vendor specific XML, along with JSON feeds, and even CSV files into a common BIBFRAME2-based RDF triplestore. From the triplestore we map the BIBFRAME2 RDF to a ResourceSync feed of JSON Linked Data modeled using DP.LA's MAPv4 vocabulary. We should have MVP pilot with 50k source digital objects for testing with DP.LA by September 2017. All source code is licensed under various open-source licenses and is available on Github at (https://github.com/KnowledgeLinks/dpla-service-hub) with source data and RDF output data at (https://github.com/KnowledgeLinks/Plains2PeaksPilot).The second Linked Data project is live at (https://bibcat.coalliance.org/) with the Colorado Alliance of Research Libraries consortium. We are a second major build phase extending the MVP we created in the fall of 2016. In the second iteration, we are using MARC XML provided by the Alliance's GoldRush comparison tool for the University of Colorado Boulder, Colorado College, and the SUNY Buffalo that is then initially transformed to Library of Congress BIBFRAME 2 RDF XML, modified and simplified for publishing as Schema.org RDF pages for indexing by commercial and non-profit search engines into an effort to improve the accessibility and usability of the library partner collections. This project is also licensed under an open-source license and is available at (https://github.com/KnowledgeLinks/alliance-bibcat).The third Linked Data project is currently an Academic Concierge iOS app for Kean University that takes BIBFRAME 2 RDF from the Library of Congress XSLT transformation service, simplifies the resulting graph to BIBFRAME 2 Lean triples that is then ingested into a RDF triplestore with a Elasticsearch search index for responsive and weighted searching. This iOS app will have LDAP authentication as well as RDF-driven integration with Kean University Library's Libguides and backend Banner system. The BIBCAT middleware is also licensed under an open-source license with source code hosted at Github at (https://github.com/KnowledgeLinks/kean-university-knowledge-graphs) and resulting RDF data available at (https://github.com/KnowledgeLinks/kean-bf-loc-lean).",3,1,I have a quite bit actually :-) and I would be happy to talk with you at length on this subject.
8/10/2017 1:31,8/10/2017 2:05,IP Address,100,2072,TRUE,8/10/2017 2:05,R_1K9L1nvvrS1cxaL,Technical Services and Metadata,,Technical Services and Metadata,Linked data is the network of structured data and documents organized in categories and linked between them through a semantic relationships according to schema using Extensible Markup Language  XML and triplets of RDF. The unique identifier like the uri related to registry or the handle no. ,3,0,The Taxonomy and Ontology in various fields.,1,0,"In the relationship designation in RDA bibliographic records I am confusing avout the use of the relationships as designated in the registry or as abbreviated, for example ""translated as"" or ""is translated as"" in MARC fields."
8/10/2017 4:40,8/10/2017 4:47,IP Address,100,383,TRUE,8/10/2017 4:47,R_3D1H3OG58BM4vBl,Information Technology,,Information Technology,"Interconnexion of data stored in distinct institutions and databases, to enable a better discoverability and serendipity of information accross the web. Linked Data also uses a web-friendly format, that other technologies better understand (outside of the library world) and that other communities prefer (IT specialists).",1,0,"For librarian: outsourced management of authority dataFor end user: wider scope of the library data, with informations about persons, organisations, projects, subjects, events: not only publications! Use case: browse from a person to its institution, and then to the events organised by the institution, and so on.",2,1,No :)
8/10/2017 9:57,8/10/2017 10:05,IP Address,100,522,TRUE,8/10/2017 10:05,R_2V2cuuSdcvgVP8D,Technical Services and Metadata,,Technical Services and Metadata,"Embedding information in a webpage that explains what kind of information it is (this is a title, this is the author's name) or that describes relationships between things either on that page or on other pages/sites, etc.",1,0,I don't know of any,0,0,"I suspect linked data is another buzz concept that has librarians all excited but will not really pan out to anything beneficial for the profession or for users except in narrow circumstances.  It could certainly make authority control simpler, but there are other ways that can be done on a large scale--it doesn't need to be via linked data or RDF."
8/10/2017 16:38,8/10/2017 17:01,IP Address,100,1347,TRUE,8/10/2017 17:01,R_2zvFgPPFO0B7r7p,Administration,,Administration,"Linked data is information about resources in a library, where this information is recorded in a way that creates ""links"" among related resources, both within the library and outside libraries.",1,0,"1) Links among related material in different libraries. Example: library user finds book about a person of interest. Library user can see that another library has an archive of this person's letters.2) More interesting queries. A research could ask: ""Find all the books or articles published in the 1920s by members of this university's history department. Find all the books or articles published by alumni of this university who graduated in the 1920s.""3) Take advantage of authoritative information that is not in current authority records, and maybe is not created by the library, but by subject matter experts, and is translated by librarians into linked data. Example: my university has scholar who is an expert on Sigmund Freud and has discovered the identities of some previously unknown patients. Expressing these people and their relationship to Freud as linked data, a researcher can find resources related to all of these people. Other scholars and librarians could add to the linked data as additional relationships and details are known.",3,1,"I think there is too much focus on ""linked data is good because it will make our resources findable by everyone"" and not enough focus on ""when all this data is in a commonly accessible place, and given some structure/meaning with ontologies, we will be able to learn a lot of new things just from the context of the data, without ever needing to find the resources""."
8/10/2017 20:47,8/10/2017 20:54,IP Address,100,406,TRUE,8/10/2017 20:54,R_29m4ElHfCki7oKp,"Public Services (e.g., liaison, reference, access services)",,"Public Services (e.g., liaison, reference, access services)","Potential to open library data to the Web‰Û, I associate linked data with ‰Û÷discovery‰Ûª. ",1,0,"can start search in the broader web vs. library databasescan inspire research - pick up a dropped thread",0,1,I participated because I have a hard time seeing the user benefits am interested in what others think
8/10/2017 21:57,8/10/2017 22:04,IP Address,100,431,TRUE,8/10/2017 22:04,R_3HNsyo6HY6bKhcr,Technical Services and Metadata,,Technical Services and Metadata,uri's linking to other uri's as names for things rather than using alphabetical strings. My understanding is very rudimentary even though I've read endlessly about it and gone to several workshops.,2,0,I cannot provide two useful examples.,0,0,I have spent several years worrying about how to create linked data for our library and I've done nothing with it yet. I find it confusing and I've not been to any workshop or webinar which has made it clear to me. I come from a traditional cataloging background.
8/11/2017 9:06,8/11/2017 9:09,IP Address,100,171,TRUE,8/11/2017 9:09,R_2ePgUE1yRGs6fbY,Technical Services and Metadata,,Technical Services and Metadata,"It links one record to every other record that might have any connection at all like by an author/creator's name. It would link every editioni, every movie made from the book, every graphic novel made from the book giving you a huge hit list of stuff you are not looking for making it harder to find the thing you really want.",1,-1,Get drowned in irrelevant data. See #2,0,-1,"This really needs to be thought out better. Do you really want library catalogs to mimic Google in giving 1,000,000 hits with only one at #650,944 being the right one?"
8/11/2017 8:49,8/11/2017 10:12,IP Address,100,4944,TRUE,8/11/2017 10:12,R_2w6Rti7f9Obsmr4,Technical Services and Metadata,,Technical Services and Metadata,"Transitioning from the ""Web of Documents"" to the ""Web of Data"", where every assertion of fact can be broken into a triple (a subject, predicate, and object) and each element of the triple can be assigned a unique HTTP-based identifier, which, when followed, disambiguates the term and provides additional information.",4,0,"I've been following developments with Zepheira's Library.Link network and Casallini Libri's SHARE VDE platform. In these systems, users should be able to query any kind of resource type (e.g., persons, documents, places, topics) and receive results that situate the resource within a network of relationships with other resources, thereby allowing navigation and browsing superior to what libraries currently offer. In theory, both of these initiatives should improve findability on the Open Web, as they create a dense web of reciprocal links among participating libraries and resources, and therefore boost relevance ranking in query results lists",2,1,
8/11/2017 12:46,8/11/2017 12:54,IP Address,100,473,TRUE,8/11/2017 12:54,R_10BnUpYg4nDJTtk,Other (please describe),Digital Curation,Digital Initiatives and Collections,"Linked data harness the power of the open web to expose connections between people, places, and intellectual works. If all library data was available as linked data, numerous new avenues for research would become apparent, furthering our knowledge of humanity.",1,-1,"* Things (URI) instead of strings for controlled vocabularies -- dynamically updates as changed* Exposing hitherto unrealized connections/social networks* Metadata as Linked Data would allow scholarly meta analysis of digital collections across institutions",2,1,"Linked data is promises breaking down silos and gets libraries to use open standards... but will it really happen? Kind of seems like libraries are the only ones talking about linked data, are we building new silos instead of breaking them down? Have we missed the boat on internet of things?"
8/11/2017 13:01,8/11/2017 13:07,IP Address,100,363,TRUE,8/11/2017 13:07,R_2xXdEoGviH2JSDg,Other (please describe),Digital Scholarship,Digital Initiatives and Collections,"Data that is freely available and plays nicely with lots of different formats, softwares, etc; makes connections between several access points",1,0,"Making collections accessible across libraries? Using digitized versions of specific objects discoverable on the open web? Highlighting research-curated (graduate student, faculty) datasets designed for reuse and reusability?(honestly I'm not totally sure I still understand LoD)",2,0,Can we have a training on what LOD is and what it does?
8/11/2017 13:02,8/11/2017 13:30,IP Address,100,1643,TRUE,8/11/2017 13:30,R_1IG9lTe4AUICBFc,Information Technology,,Information Technology,"Elements of description are moved from their specific context, to a linked resource on the internet. This allows us to describe things using unique, shared resources, as opposed to restricted, and repeated, terms. An author of a book can be ""linked"" as a commentator on a blog post, or the subject of a documentary film.",1,0,"The benefits are intra-institutional as well, such as discovering information across traditional siloed datastores. For example, linking marc metatadata, with archival metatadata, vendored  metadata, geodata, and beyond to institutional research information. With the inferences that one can make using linked data, there's a tremendous benefit beyond just library users to administrative and research units within the university. For example, one could discover latent areas of research and proactively reach to support them. Budget decisions could be driven by statistics gathered from this information. Departments and schools that consume data, for research, or any other purpose, could see a cost savings if their information is discoverable to others because they would only be paying for one copy, as opposed to multiple per department. This is particularly true for geodata. Lastly, there could be an increase in multidisciplinary research because of a kind of cross-pollination with different areas finding intersections of interests.",3,1,
8/11/2017 13:32,8/11/2017 13:33,IP Address,100,40,TRUE,8/11/2017 13:33,R_2feLV2mShwjfy9l,Technical Services and Metadata,,Technical Services and Metadata,access points have become links,1,0,links to other works by an author,1,0,No
8/11/2017 14:06,8/11/2017 14:18,IP Address,100,730,TRUE,8/11/2017 14:18,R_3D22t74XIgU72Tt,Technical Services and Metadata,,Technical Services and Metadata,"Linked data is a technique that would allow connections to be made between separate collections to discover related items that may not otherwise be formally associated. This is done through formally defining the meaning of labels (in other words, ""metadata"") and using various technologies to form ""links"" between these labeled terms, so that the links form a ""web"" that people and machines can use to make discoveries.",2,1,"My examples are outside the library: Netflix makes genre recommendations on-the-fly for things like ""witty Korean shows"" and ""horror films with a strong female lead"" by linking your viewing habits with metadata descriptions from their programming. For cell phones, many mobile maps take notice of linked data, based again on your past preferences, to recommend restaurants, gas stations, etc. ... and attempt to sell you other things.",1,1,"Libraries haven't yet shown the ability to make linked data use relevant to the way people already use library collections in the way that search engines (or more accurately, Google) has been able to take advantage of people's questions to entice them to buy things. "
8/11/2017 14:15,8/11/2017 15:13,IP Address,100,3478,TRUE,8/11/2017 15:13,R_3HMoej0NWQZynSb,Technical Services and Metadata,,Technical Services and Metadata,"Linking pieces of information like names, titles, and concepts in one database (such as a library catalog) to other databases which can provide additional information or new .  For instance, a library catalog could link an author to a Wikipedia article about her; link a title to reviews and summaries; link a subject heading to the equivalent term in a foreign language thesaurus.",1,0,"* Link titles to summaries, reviews, cover images, etc.* Link authors who are faculty to their university directory listing, vitae, research* Link authors, titles, subjects to discipline-specific databases* Researchers could select discipline-specific authorities, letting them search for persons, titles, subjects, etc. under the name by which they are known in the discipline* Similarly, let people search by names and terms in other languages* Let a library _display_ names, titles, subjects in discipline-specific forms, other language forms, the form by which they are known locally, etc.* Let _users_ choose which form to display names, titles, subjects, prioritizing multiple possible sources* Link subject headings to subjects in journal databases to allow proper subject concept searching and faceting which encompasses both books and articles* Link geographic terms to CIA World Factbook, GIS services, census data, economic databases, etc.* Allow someone to find books about a location by clicking on a map* Tell a user that the author they are looking at in the catalog has a book reading somewhere in town tomorrowThis is just what I can come up with off the top of my head in ten minutes or so.  There are hundreds of other possibilities.",2,1,
8/11/2017 17:40,8/11/2017 17:47,IP Address,100,436,TRUE,8/11/2017 17:48,R_2QM2xCPCSay9uzb,Technical Services and Metadata,,Technical Services and Metadata,"Instead of using text, linked data uses URIs (which are like URLs but more permanent) to identify people, places, and things. This means that instead of pointing to a whole webpage, we can point to an individual piece of data.",2,0,"Library users will be able to find out about library items and digital collections through their preferred internet search engine (Google, bing, etc). Library users will be able to easily grab datasets related to library collections and use them in their digital humanities work. Library users will be able to click a link that performs a more precise search in an external application (for example, searches a VIAF identifier in the SNAC project) to find related resources in other institutions.",2,1,"These are important questions to ask--before embarking on a linked data project, you have to understand why you should bother and what the format will allow you to do that other formats won't. I also think there's a distinction to be made between the benefits of storing your data in a triple store, publishing embedded structured data in a webpage, and simply using and storing URIs in library records."
8/12/2017 10:43,8/12/2017 10:50,IP Address,100,371,TRUE,8/12/2017 10:50,R_2ctPumKlvoRc9S8,Technical Services and Metadata,,Technical Services and Metadata,"Where bits of data, as in Wikipedia, for example, are assigned URIs, similar to URLs.  This results in ready access to data in a search using a search engine like Google, etc.  ",1,0,Not something I would do.,0,-1,  https://www.youtube.com/watch?v=mRS1p1MKQIM  I love this video that puts the subject to music.
8/12/2017 21:49,8/12/2017 22:02,IP Address,100,786,TRUE,8/12/2017 22:02,R_2QXwCeWMHgJGb0B,Technical Services and Metadata,,Technical Services and Metadata,"The familiar Web operates by linking Web sites or Web pages (essentially whole documents) one to another. Linked data aims to link individual points of information one to another, at the same time bridging collections of information from widely varying origins.",1,0,"Library users will have a richer experience of navigating from one found resource to other resources.Library users will be able to focus their resource discovery activities by specifying much more granular terms.",1,1,The essence behind the term 'linked data' is already being superseded by developments outside the library community.
8/13/2017 17:06,8/13/2017 17:14,IP Address,100,432,TRUE,8/13/2017 17:14,R_1gi1HnSxBbGnp5a,Technical Services and Metadata,,Technical Services and Metadata,using web to link related data,0,0,"Linked data can also improve the way of searching, like Google",0,0,More update about Linked data and how to apply in some libraries.
8/14/2017 7:41,8/14/2017 7:56,IP Address,100,890,TRUE,8/14/2017 7:56,R_1FtUC1XJaHjWCdK,Technical Services and Metadata,,Technical Services and Metadata,Linked data allows you to unambiguously make connections between data in your systems.  For example Authors of books can be linked and that link could then be followed to see other books by the same author.,1,0,"The author example above would be a specific example.  If there are multiple authors with the same name linked data would only link you to books from your author, where an author name search would link you to books from both authors.Specific examples really depend on the data that is in the linked data store.  The advantage of linked data over tabular data is the use of a predicate to explain the relationship between the links.  If you had a subject link between books and LOC subjects the users could use that to browse your system based on a subject that they are interested in.  Theoretically since LOC subjects are a tree they could brows up the tree and then back down to get related items that would not show in a direct search.",3,1,
8/14/2017 8:00,8/14/2017 8:18,IP Address,100,1049,TRUE,8/14/2017 8:18,R_3efwHoNBrXHwf1R,Technical Services and Metadata,,Technical Services and Metadata,no can do; 2-5 lines is not enough.,0,0,"When a reader is stuck on a jag, say Jane Austen, linked data will provide access to all ""variations on the theme"": film adaptations; zombies; Lost in Austen; customs of the period; etc. This not only leads the user to other library collections and Wikipedia, but to IMDB, Amazon, GoodReads, blogs, dissertations, etc. That's why they call it ""the world wide WEB.""",1,1,Linked data won't work if the data isn't there to link in consistent format. That is why it is important for libraries to employ TRAINED HUMAN catalogers with COMMON SENSE and ATTENTION TO DETAIL. OCR is more often wrong than right and does not yield the results you desire from linked data.
8/14/2017 9:41,8/14/2017 10:04,IP Address,100,1376,TRUE,8/14/2017 10:04,R_3EiDHoz8LsOz6mM,Technical Services and Metadata,,Technical Services and Metadata,"Linked data is a way of connecting information resources together using formatted statements and unique identifiers (usually URLs). A statement such as ""J.K. Rowling wrote Harry Potter and the Sorcerer's Stone"" can be formatted in such a way that it can link to other statements about J.K. Rowling or about Harry Potter and the Sorcerer's Stone in order to create a web of information about the author and book.",2,0,"1.) Many libraries are using vendors to insert URIs for authorities in their catalog records as a first step toward eventually implementing more robust (and yet to be determined, in many cases) linked data initiatives; and 2.) Zepheira has created http://library.link/ which has transformed millions of bibliographic records into their version of BIBFRAME with the goal of making library holdings more visible to search engines. I believe this project is still in a relatively early stage of development.",3,1,"I worry that we're starting to suffer from ""linked data fatigue."" We have all seen so many iterations of the same linked data presentation that focuses on the theory and potential benefits of switching to linked data, but there has been relatively little in the way of practical, proven implementations of these ideas. I think we're putting undue pressure on ourselves to create something perfect that lives up to all of our (very high) expectations when we could be better served doing some more experimenting and risk-taking. "
8/14/2017 11:06,8/14/2017 11:15,IP Address,100,540,TRUE,8/14/2017 11:15,R_2sRMDqiTbisLEsz,Technical Services and Metadata,,Technical Services and Metadata,"Linked data is a way of universalizing how we describe things like books and what books are about to make it easier for people to find what they are looking for. This all happens ""behind the scenes"", but by universalizing the terms we use, we can add more description for these terms from databases around the web that hold information about them.",1,0,"1) Offer a means to automate the enrichment of the metadata from any other LOD databases that can be queried; 2) For end users, providing access to the metadata as linked data enables more reliable big data methods to be applied for research purposes, etc.; 3) generally has the potential to create a more enjoyable, reliable search experience on a platform, esp. aggregated platforms.",2,1,
8/14/2017 10:49,8/14/2017 13:21,IP Address,100,9114,TRUE,8/14/2017 13:21,R_2YxP7c6Acrw1817,Other (please describe),Digital Initiatives / Digital Collections,Digital Initiatives and Collections,"Linked Open Data is group of technologies and standards that enables us to write facts on the web and link those facts together (like the fact boxes that you see on Google and Wikipedia). When we link those facts together we can quickly answer very specific questions, like ‰ÛÏWhich fantasy authors born in Gloucestershire county went to University of Exeter?‰Û Answer: J. K. Rowling!",1,0,"Linked open data has the power unlock special collections and archival collections.  By tagging content appropriately, we'll be able to discover and visualize resources and relationships that were invisible before (see Linked Jazz, UNLV's Linked Data Project, and UIUC's Motley Collection). ",2,1,
8/14/2017 13:09,8/14/2017 14:06,IP Address,100,3422,TRUE,8/14/2017 14:06,R_3nNIZnKto8Ig6J5,Technical Services and Metadata,,Technical Services and Metadata,"Linked data is a way of structuring and connecting information so that it can be understood and used by computers, which, in turn, can improve your information retrieval using the web. (I'd follow this statement--which likely means little to many library users--with examples, maybe like LibHub & the Library Link Network.)",1,0,"1) surfacing geographically and other context-relevant library content in web search results so that any user might search for a book, an author, a string that matches to a journal article title, and pull up local or institutionally-relevant results and availability, (I'm thinking here of the knowledge graph, or the newish Google for Jobs as a model for the results, and, of course, for making library data more understandable to facilitate something similar);2) improving upon/moving beyond bib & authority record/ILS-based authority control by utilizing linking so that one of a number of possible authority sources, (e.g., VIAF), may be updated with real-time use by any linking organization, as well as associated with the same agent in different sources (e.g., ISNI, ORCID), to provide a user a web of connection/navigation of resources based on a common agent. [This is actually a couple of things, but the point is that understanding that a person who is an author of a book, say John A. Smith, is the same J. A. Smith who authored a number of journal articles, is the same John Smith who was interviewed in a documentary, not all of which might be sufficiently contained or updated in a single authority file, like LCNAF, much less be kept current in an individual library's copy of the authority record in their local system -- and certainly the name wouldn't be controlled across e-content metadata as surfaced in a discovery layer, nor within search results on the web from myriad sources.]",3,1,"I'm particularly interested in the BIBFLOW project, with a special focus on identity management for business purposes, (so, linked data for collections/acquisitions -- even if this might be a mixture of linked open data and linked enterprise data), as well as utilization of link analysis as a significant method to effect collection analysis ... but maybe thinking as 'content analysis' instead. I've speculated a little about this already, and think that if libraries--and their parent organizations--can see that vendors and publishers are specialized sorts of agents that also might be managed at scale, (with some necessary local customization/privacy, as for account numbers), there could not only be more coherent management, but also much grist for the mill of analysis. This would, presumably, lead to more potential for additional cost and labor savings, as well as a better-informed negotiating position and better business decisions."
8/15/2017 9:18,8/15/2017 9:34,IP Address,100,936,TRUE,8/15/2017 9:34,R_1mEIvKawJZ9BTZh,Information Technology,,Information Technology,"Linked Data allows connections between things online. It's more than a link between web pages though. Linked Data allows for the online representation of things (like people, places, and events) to be connected, like an authorized form of a name but with information about what that person or organization has done (with context). These connections can be processed by machines without users (end users or people creating the information) needing to purposefully create or know about those connections.",3,0,Linked data can help end users learn more about any topic semantically represented online. It can also help provide more accurate information (or make identifying false information easier) through graph connection strength. Information can be more precisely gathered - disambiguation can be based on context and graph connections.,2,1,
8/15/2017 9:36,8/15/2017 9:39,IP Address,100,194,TRUE,8/15/2017 9:39,R_pseDJs07Mhe9UHf,Technical Services and Metadata,,Technical Services and Metadata,Linked data allows us to find out how our materials relate to the larger world of resources.  We can get information from many places on the Web at the same time and enhance our understanding of local information.,1,0,"I'm not sure if this is included, but I think it could link libraries to each other, not just through Wikipedia.  ",1,1,"I hope we can start talking about this in the way this survey talks about it, rather than in the abstract!"
8/15/2017 13:12,8/15/2017 14:36,IP Address,100,5048,TRUE,8/15/2017 14:36,R_2f3fYgXUc5pleKD,Information Technology,,Information Technology,Linked data is a mechanism for connecting different and diverse data sources so that new knowledge can be developed. ,1,0,"1. Through a search interface, users will be able to connect search terms to specific people and projects. Through a browse interface, users can explore people and projects along a knowledge graph.2. In an IR environment, users could discover papers from across disciplines that would be helpful to their research. 3. Google is already leveraging linked data through their Knowledge Graph, a feature that millions of users encounter every day. ",2,1,"Linked data haters are still searching for the ""killer app"" that will clearly demonstrate the value of linked data. In the absence of such an app, the haters say that linked data is a waste of time and effort. But a single ""killer app"" need not appear‰ÛÓlinked data is more like an overall concept and a general approach to metadata. I would say that linked data is primarily about interoperability and discovery. Allow your data sources to talk to other data sources, then create discovery interfaces that can highlight the connections. This is the future, and it's a good one. "
8/14/2017 12:12,8/15/2017 15:32,IP Address,100,98391,TRUE,8/15/2017 15:32,R_2E0JSAGWzfJcblF,Technical Services and Metadata,,Technical Services and Metadata,"Linked data enables information/content to be easily re-purposed in multiple settings, the way a single song (or video) can be used in various different playlists.  Linked data has a flexible structure that allows questions to be answered (rather than simply matching keywords with results).",1,0,"I think it's important to clarify between language-specific iterations of Wikipedia and the language-bridging Wikidata, which connects (to use IFLA-LRM terminology) a ""res"" with its various ""nomen"": en=Earth, es=Tierra, fr=Terre, ru=_Ñ_µ___È„, vi=TrÌÁi €‡¼´t, etc.  I see the potential for language-neutral navigation of library collections as particularly valuable (at least for some users).Linked data could also allow users to navigate library catalogs at the level of the work (however that might be locally or custom defined), rather than at the (typical) level of the edition/format.  A public library might purchase a popular title in five formats (print, ebook, large print, cd audio, eaudio) or a movie in three (dvd, blu, streaming vid): if the terms in the title are short or common, this creates lots of near-duplicates in the results.  Same goes for different reprints of ""perennial"" or classic titles.  I imagine (at least some) users would value this type of aggregation.A pervasive linked data environment could enable users to generate requests for library purchases directly from (say) Amazon, publisher, or author websites.A pervasive linked data environment could enable expert/engaged users to contribute information that might otherwise fall outside the scope of the catalog: from character names, to intricate sub-series relationships, or any other detail they deem important (but appears to be missing).Linked data could allow for things like sequence/numeration to be treated as a coded value rather than a strictly transcribed element.  This could offer users better success when searching for the ""complete second season"" which might've been published (variously, over time) as ""season 2"", ""season two"", ""series II"", etc.  (I consider this the legacy of ""uniform"" headings evolving into ""multiform"" access points.)",3,1,"I'm so glad this research will directly address users!Question: Will your focus be limited to academic library settings?  Might the work be adapted for public library users? ~ David Pimentel, dpimentel@denverlibrary.org "
8/17/2017 12:50,8/17/2017 12:59,IP Address,100,536,TRUE,8/17/2017 12:59,R_29oad2HyFfnsIxk,Technical Services and Metadata,,Technical Services and Metadata,"publishing and connecting structured data on the Internet",0,0,linking to relevant and useful (meta)data; supporting and expanding discovery of and access to libraries' collections ,1,1,
8/17/2017 14:46,8/17/2017 14:54,IP Address,100,474,TRUE,8/17/2017 14:54,R_1NtsiqmuRTByu1q,Technical Services and Metadata,,Technical Services and Metadata,"Linked data makes our library catalogue information more readable for search engines while also providing links between titles, concepts and author influences for the first time. This makes for a better virtual browsing experience that what we can currently offer customers. ",0,0,"Exposing special and archival collections through search engines is going to revolutionize the way research is done. I can imagine searching the internet and coming up with amazing lists of primary sources and where they are located, rather than having to work on word of mouth and fond lists. Zepheira is starting to offer some very interesting ways to use linked data for libraries. Social media posts and living lists are very encouraging offerings. ",2,1,"The biggest hindrance for linked data is that libraries are still using MARC records and not cataloging in Bibframe. Once ILS databases allow for borne bibframe records and LC and OCLC create borne bibframe records, the more we'll see the adoption and growth of the linked data sphere and the advantages that will come with it. "
8/18/2017 8:00,8/18/2017 8:12,IP Address,100,759,TRUE,8/18/2017 8:12,R_XzARyy1onsX2ODT,Technical Services and Metadata,,Technical Services and Metadata,"Linked data is coding information ""behind the scenes"" that allows similar information to be connected together.",0,0,"Linking between different media formats to give patrons well-rounded informational options.Linking between databases.",1,1,It isn't being currently done or even talked about in my library because of our library system being more of a print based one. 
8/18/2017 10:04,8/18/2017 10:23,IP Address,100,1157,TRUE,8/18/2017 10:23,R_1E4HS1pfW1WyNRA,Technical Services and Metadata,,Technical Services and Metadata,Who? What? Why? When? Where? How? Web pages and library catalogues can all use embedded links to help you explore and discover the answer to these questions.,0,0,"Europeana Linked Heritage http://pro.europeana.eu/project/linked-heritageI'd like to see Archives and Library collections linked. At the moment in the UK we have 2 separate silos of data. It would be fantastic if the Archives Hub & COPAC could be cross-searched for the benefit of users. e.g. Artists books are often catalogued as books but their creators are artists whose personal papers may be catalogued as archival materials. What if Artist A created an AB and actually wrote about that process? It's not possible to make the linkages at present.",1,1,"It's brilliant but daunting!I look at my own University's metadata and wonder if the data will ever be rich enough to publish to the web."
8/18/2017 15:38,8/18/2017 15:52,IP Address,100,835,TRUE,8/18/2017 15:52,R_3P5BAQFOZaTrB0Q,Other (please describe),Digital Curation,Digital Initiatives and Collections,"Linked data is the idea of publishing information about real-world concepts, and the relationships between those concepts, online in a standard format that software can process. Because the data is online and standardized, many sets of data can be combined to discover new information and relationships.",1,0,Library users will have access to better contextual information in library catalogs that can enrich records with linked data,1,1,
8/21/2017 9:25,8/21/2017 9:34,IP Address,100,539,TRUE,8/21/2017 9:34,R_1DU8ajE0IZgTn2S,Information Technology,,Information Technology,Is a way to represent information that allow machines to give answers to your queries rather that a collections of items.,0,0,"For example, in a institutional repository,  to discover research topics that are being studied by different departments to look for opportunities to do interdisciplinary projects. ",1,1,
8/22/2017 8:23,8/22/2017 8:37,IP Address,100,797,TRUE,8/22/2017 8:37,R_ZfKCYB0yaAPYlb3,Technical Services and Metadata,,Technical Services and Metadata,A conventional form in which pieces of information relating together are communicated in a permanent way.,0,0,"_ Discoverability of library collections themselves : new links between resources will allow the computing of other links between distant resources more losely related, such as a work and works inspired by the first one._ Possibility of opening the library on other professional community through shared ontologies. ",2,1,"Linked Data is a powerful but complex technology. It is very suitable for dissemination of metadata on the web, but may be less suitable for the cataloging of resources itself."
8/24/2017 11:23,8/24/2017 11:28,IP Address,100,346,TRUE,8/24/2017 11:28,R_1KkB4dnUzeyw9om,Information Technology,,Information Technology,Linked data is a way of describing information in a way that enables different pieces of information to be linked together flexibly.,1,0,"Linking from one information source to another to enable onward discovery (e.g., from a discovery tool to related resources).Linking into a local digital repository from elsewhere to expose and make available local digital collections.Enhancing discoverability through linking to high quality authority records.",2,1,Linked data always seems a great idea without an obvious way to easily implement it.  How does it get embedded in the tools we already use?
8/25/2017 15:04,8/25/2017 15:20,IP Address,100,909,TRUE,8/25/2017 15:20,R_Ugz4sU20UTrdCX7,Technical Services and Metadata,,Technical Services and Metadata,"•â¤	Linked data is information (data) residing in different online resources related  by either content or association, that can be accessed on the Web through hyperlinks.  The connectivity and access are facilitated only if the data has been electronically published in standardized structured formats (Semantic Web standards) so that the users‰Ûª searches can be done by computers.  ",1,0,"1. Discoverability of, and access to related  images (two dimensional), moving images, sound recording resources.  One example is using Linked Jazz to find out who played at Carnegie Hall, and what their wider relationships were (‰ÛÏData Interlinking: Linked Jazz and Carnegie Hall‰Û).  Another example is using VIAF for finding or for creating name authority records, and for disambiguating identities across 43 national catalogs.  Yet another, the Google Knowledge Graphs.  Our users benefit from the LD versions of the Getty tools, i.e., artists art sales, from their collection of auction catalogs.  2. Creation of new resources: visualizations of art and art history topics, discovery of minor/marginalized/unpublished/non-glamorous artists; trends; histories. ",2,1,"It is not easy to find good examples of LD, which indicates that the potential for research hasn‰Ûªt been harnessed yet, at least not among the library community."
8/25/2017 18:10,8/25/2017 18:18,IP Address,100,512,TRUE,8/25/2017 18:18,R_3ElKh8LhPqYRExO,Technical Services and Metadata,,Technical Services and Metadata,Linked data is about making meaningful connections among disparate data and across distributed systems.,1,0,"Users will be able to discovery and access more information by traversing data across systems, universities, etc. Users will be able to use and interact with collections in new and innovative ways, such as annotating digital special collections and exploring entities embedded in creative works.",2,1,"I would be interested in more conversations around how we as a library, archives, museum community can build a broad strategy for connecting data across institutions using linked data."
